,Intent2Use_Open,Intentnotuse_Open,decontracted_Intent2Use_Open,decontracted_Intentnotuse_Open
0,"Self care during work and before and after (deep breathing, positive motivation, olfactory). Sa",.,"Self care during work and before and after (deep breathing, positive motivation, olfactory). Sa",.
1,In the applications on mechanical restraints and in management of aggressive behaviors ,.,In the applications on mechanical restraints and in management of aggressive behaviors ,.
2,Apply same type of restraint to wrists/hands as to foot. Adjust tightness so not a chooking hazard ,.,Apply same type of restraint to wrists/hands as to foot. Adjust tightness so not a chooking hazard ,.
3,Properly putting restraints on i.e. feet together closer ,.,Properly putting restraints on i.e. feet together closer ,.
4,1) Completing more casual client debriefs as oppose to just seeing it as a task to check off 2) More motivated to implement self-care strategies ,.,1) Completing more casual client debriefs as oppose to just seeing it as a task to check off 2) More motivated to implement self-care strategies ,.
5,Practice,.,Practice,.
6,Helping client to complete a debrief session ,.,Helping client to complete a debrief session ,.
7,Reminder of trauma-informed care. It was nice to have the service user educator present for a different perspective ,.,Reminder of trauma-informed care. It was nice to have the service user educator present for a different perspective ,.
8,1. Applying restraints and removing in way instructed today. 2. Trying to manage the client to try and prevent the use of mechanical restraints. ,.,1. Applying restraints and removing in way instructed today. 2. Trying to manage the client to try and prevent the use of mechanical restraints. ,.
9,Participate with more confidence in code whites and proper hand-hold technique ,.,Participate with more confidence in code whites and proper hand-hold technique ,.
10,Safer way of using restraint and self-care ,.,Safer way of using restraint and self-care ,.
11,shoulder strap on head rest of bed,.,shoulder strap on head rest of bed,.
12,1) Debrief meetings right after restraint event/Code white 2) Self-care - create a plan (long/short term) ,.,1) Debrief meetings right after restraint event/Code white 2) Self-care - create a plan (long/short term) ,.
13,Retraining events at work; setting up restraint work to improve flow at work ,.,Retraining events at work; setting up restraint work to improve flow at work ,.
14,1. Practice for self-care and use in my practice 2. Incorporate trauma-informed care/strategies into de-escalation and the use of restraints; chemical/mechanical,.,1. Practice for self-care and use in my practice 2. Incorporate trauma-informed care/strategies into de-escalation and the use of restraints; chemical/mechanical,.
15,1. Hand controls 2. 5 person control ,.,1. Hand controls 2. 5 person control ,.
16,.,2 person level 1 physical restraints should really be implemented by security not frontline staff. ,.,2 person level 1 physical restraints should really be implemented by security not frontline staff. 
17,"1. Enable me to implement what was taught today, more effectively 2. Share what was learned with colleagues ",.,"1. Enable me to implement what was taught today, more effectively 2. Share what was learned with colleagues ",.
18,Wrist control while applying mechanical restraints ,I put slightly above as I've had substantive training over the past several years that I have been working at CAMH,Wrist control while applying mechanical restraints ,I put slightly above as I have had substantive training over the past several years that I have been working at CAMH
19,How to apply shoulder limb properly,.,How to apply shoulder limb properly,.
20,"Practice applying restraints to stretcher, be more active in applying restraints in a restraint event ",.,"Practice applying restraints to stretcher, be more active in applying restraints in a restraint event ",.
21,1. TIDES Day 3 training on especially trauma-awareness restraining decisions. 2. Understood how to apply a two person level to one,.,1. TIDES Day 3 training on especially trauma-awareness restraining decisions. 2. Understood how to apply a two person level to one,.
22,Hand position when applying restraints ,.,Hand position when applying restraints ,.
23,Arm bars used often and good practice ,De-restraining process (2 people on each limb) is unrealistic. Team control unrealistic ,Arm bars used often and good practice ,De-restraining process (2 people on each limb) is unrealistic. Team control unrealistic 
24,Doing client debriefing more often and being aware of it ,.,Doing client debriefing more often and being aware of it ,.
25,May use one but unrealistic in unit ,Expert level. Already use majority of methods ,May use one but unrealistic in unit ,Expert level. Already use majority of methods 
26,.,"The emergency department is a completely different area that truly isnt captivated in this training. This training is a) too long, 3 days not necessary and is reduntant. B) more appropriate for new hires/orientation - not experienced staff.",.,"The emergency department is a completely different area that truly isnt captivated in this training. This training is a) too long, 3 days not necessary and is reduntant. B) more appropriate for new hires/orientation - not experienced staff."
27,Incorporate more use of 5- man physical restraints,.,Incorporate more use of 5- man physical restraints,.
28,.,"In the ER most of these techniques are used to a degree. However, in the majority of situations it is an emergency to control the event. Good review!",.,"In the ER most of these techniques are used to a degree. However, in the majority of situations it is an emergency to control the event. Good review!"
29,I didn't use the 5 person (team) physical restraint before. I'll use this in my practice. ,.,I did not use the 5 person (team) physical restraint before. I will use this in my practice. ,.
30,Achnor position in restraints ,.,Achnor position in restraints ,.
31,Debriefing clients post-restraint regularly. ,.,Debriefing clients post-restraint regularly. ,.
32,Teaching new staff (providing support). Every code situation ,.,Teaching new staff (providing support). Every code situation ,.
33,"Pinel adjustments, debrief regularly. ",.,"Pinel adjustments, debrief regularly. ",.
34,All helpful content and info.,.,All helpful content and info.,.
35,It was an excellent refresher ,.,It was an excellent refresher ,.
36,"Help me with restrainte vents, confidence in [illegible] 1-2 person events ",.,"Help me with restrainte vents, confidence in [illegible] 1-2 person events ",.
37,"During the application of restraints, debriefing patients, management of violent patient; use hand control. ",.,"During the application of restraints, debriefing patients, management of violent patient; use hand control. ",.
38,Confident to express my opinion during debriefing sessions and strategies to allocate patients during code whites ,.,Confident to express my opinion during debriefing sessions and strategies to allocate patients during code whites ,.
39,"On highrisk restraint events, on code whites, on other units ",.,"On highrisk restraint events, on code whites, on other units ",.
40,I feel more confident with applying restraints and also de-escalation strategies ,.,I feel more confident with applying restraints and also de-escalation strategies ,.
41,On my unit we deal with patient that often have issues with control. This training will help me and my patients keep safe. ,.,On my unit we deal with patient that often have issues with control. This training will help me and my patients keep safe. ,.
42,I don't often become involved in the restraint process but have more confidence in helping if needed. ,.,I do not often become involved in the restraint process but have more confidence in helping if needed. ,.
43,Being more helpful when a client is moving to mechanical restraints. Being more aware of body position ,.,Being more helpful when a client is moving to mechanical restraints. Being more aware of body position ,.
44,Communicate closely with team. Make sure hands are on client at all times with mechanical restraints. ,.,Communicate closely with team. Make sure hands are on client at all times with mechanical restraints. ,.
45,Apply trauma-informed strategies ,.,Apply trauma-informed strategies ,.
46,"I certainly intend to use applying physical restraints in a safe practice and beeing trauma aware, work as a team and keep each other to make CAMH safer. ",.,"I certainly intend to use applying physical restraints in a safe practice and beeing trauma aware, work as a team and keep each other to make CAMH safer. ",.
47,Educate other staff in use of TIDES in crisis that have not yet attended training ,I will use this information ,Educate other staff in use of TIDES in crisis that have not yet attended training ,I will use this information 
48,Practice restraints ,.,Practice restraints ,.
49,Better placement of hands during restraint events to prevent patient and own injury,.,Better placement of hands during restraint events to prevent patient and own injury,.
50,Continue to provide trauma-informed care and self-care is important ,Do intend to use ,Continue to provide trauma-informed care and self-care is important ,Do intend to use 
51,Doing code white and de-escalation ,.,Doing code white and de-escalation ,.
52,Trauma-aware practice and de-escalation ,.,Trauma-aware practice and de-escalation ,.
53,During code situations that warrant use of restraints ,.,During code situations that warrant use of restraints ,.
54,I will approach Trauma-aware strategies with a more open mind.,.,I will approach Trauma-aware strategies with a more open mind.,.
55,During times verbal direct on/de-escalation wasn't working ,.,During times verbal direct on/de-escalation was not working ,.
56,I'll be sure to check in with myself and practice self-care after trauma events. I'll check-in more often with those who've been in restraints ,.,I will be sure to check in with myself and practice self-care after trauma events. I will check-in more often with those who have been in restraints ,.
57,I think the debriefing to a patient is really important to make sure communication and relationships are strong. De-escalation strategies,.,I think the debriefing to a patient is really important to make sure communication and relationships are strong. De-escalation strategies,.
58,On unit practice and clinical practice ,.,On unit practice and clinical practice ,.
59,Alreading this material in practice ,.,Alreading this material in practice ,.
60,Trauma informed strategies before/during restraint [illegible]. Debriefing with client ,.,Trauma informed strategies before/during restraint [illegible]. Debriefing with client ,.
61,More aware of how to conduct debrief with client.,.,More aware of how to conduct debrief with client.,.
62,Knowing when to use proper restraints ,.,Knowing when to use proper restraints ,.
63,"Hand control, anchor",.,"Hand control, anchor",.
64,using anchors more. Using hand controls more.,.,using anchors more. Using hand controls more.,.
65,Trauma aware restraint application. Safe application of restraint. ,Some physical holds are not feasible with already violent clients. ,Trauma aware restraint application. Safe application of restraint. ,Some physical holds are not feasible with already violent clients. 
66,I will attempt to utilize the physical restraint methods in my work place however it is not always realistic as most of the time patients are not still and everything happens so quickly. Make an effer tot offer PT PRN's and attemt to deescalate before it results into a seclusion event. ,.,I will attempt to utilize the physical restraint methods in my work place however it is not always realistic as most of the time patients are not still and everything happens so quickly. Make an effer tot offer PT PRN is and attemt to deescalate before it results into a seclusion event. ,.
67,The discussion on moral distress was very helpful. ,.,The discussion on moral distress was very helpful. ,.
68,Using during a code on our floor,.,Using during a code on our floor,.
69,Safe application of the shoulder strap. Scan all beds for appropriate landmarks for restraint application.,.,Safe application of the shoulder strap. Scan all beds for appropriate landmarks for restraint application.,.
70,Restraint application and self-protection ,.,Restraint application and self-protection ,.
71,Put more effort in my own self-care ,.,Put more effort in my own self-care ,.
72,Applying extender to limb restraints to establish better control ,.,Applying extender to limb restraints to establish better control ,.
73,More restraints practice ,.,More restraints practice ,.
74,In managing violent patient in ACU/GPU,.,In managing violent patient in ACU/GPU,.
75,I will attempt all learning strategies offered,.,I will attempt all learning strategies offered,.
76,Using the level 2 physical restraint and method is helpful for a falls risk patient,.,Using the level 2 physical restraint and method is helpful for a falls risk patient,.
77,When clients are sedated and disorganized wantering unit and when clients escalate ,.,When clients are sedated and disorganized wantering unit and when clients escalate ,.
78,.,I intend to use what I learning today in the training ,.,I intend to use what I learning today in the training 
79,Likely to speak up in debriefing ,.,Likely to speak up in debriefing ,.
80,.,When the opportunity to apply what I have learned today I will. Our unit rarely ususes retraints but always de-escalation techniques ,.,When the opportunity to apply what I have learned today I will. Our unit rarely ususes retraints but always de-escalation techniques 
81,"Behaviour indicates, trauma awareness, contraindication, and indicators is very helpful to use in my unit ",.,"Behaviour indicates, trauma awareness, contraindication, and indicators is very helpful to use in my unit ",.
82,I don't go to codes,"Training was only helpful in learning about staff experiences. Faciltiators did their best within the limits of the materials. Training should be condensed into 1 day not 3. Physical movement not effective, learn on 1 day then without practice= nothing retained. In high adrenaline situation one is not able to think back to exercises only practiced 1 day - one only reacts ",I do not go to codes,"Training was only helpful in learning about staff experiences. Faciltiators did their best within the limits of the materials. Training should be condensed into 1 day not 3. Physical movement not effective, learn on 1 day then without practice= nothing retained. In high adrenaline situation one is not able to think back to exercises only practiced 1 day - one only reacts "
83,Using the 3 different levels of restraints during codes or for transfer ,.,Using the 3 different levels of restraints during codes or for transfer ,.
84,Debriefing; definitely want to make more time to debrief,Team control techniques - sometimes situations are a lot more dynamic and unpredictable on our unit. Not sure if all staff are at the same level of comfort for team control . Maybe if TIDES PoCFs are on site during codes? ,Debriefing; definitely want to make more time to debrief,Team control techniques - sometimes situations are a lot more dynamic and unpredictable on our unit. Not sure if all staff are at the same level of comfort for team control . Maybe if TIDES PoCFs are on site during codes? 
85,Team control moves ,.,Team control moves ,.
86,Restraining agitated patients and applying self-care ,.,Restraining agitated patients and applying self-care ,.
87,Engaging clients in debriefinf fter restraint event ,.,Engaging clients in debriefinf fter restraint event ,.
88,"More trauma aware, de-escalating techniques",.,"More trauma aware, de-escalating techniques",.
89,.,I am already using all that was taught. Just be more aware of clients needs and history. So I don'tneed to make many changes. Just reiterating what I already know. ,.,I am already using all that was taught. Just be more aware of clients needs and history. So I do notneed to make many changes. Just reiterating what I already know. 
90,Speaking to staff about applications and trauma informed practice ,.,Speaking to staff about applications and trauma informed practice ,.
91,Facilitate debrief. Encourage staff to participate in self care,.,Facilitate debrief. Encourage staff to participate in self care,.
92,"Physical restraints/holds are not commonly used on my unit, usually a code is called initially.",.,"Physical restraints/holds are not commonly used on my unit, usually a code is called initially.",.
93,I intend on getting more involved,.,I intend on getting more involved,.
94,Become more involved in debrief and physical restraints ,.,Become more involved in debrief and physical restraints ,.
95,"D,E,F > rarely engaging in and therefor this day was helpful. I feel very confident in a,b,c (refering to content areas. ","Already confident and competent in a,b,c","D,E,F > rarely engaging in and therefor this day was helpful. I feel very confident in a,b,c (refering to content areas. ","Already confident and competent in a,b,c"
96,"Note that for 2 a,b,c I feel that no changes are really necessary because I feel confident in my ability in these areas already. ",.,"Note that for 2 a,b,c I feel that no changes are really necessary because I feel confident in my ability in these areas already. ",.
97,Least restraint measure,We use least restraint measure ,Least restraint measure,We use least restraint measure 
98,Aggressive ,.,Aggressive ,.
99,We seldom use it but when client is aggressive ,.,We seldom use it but when client is aggressive ,.
100,I plan to pay more attention to the positioning of people placed in restraints/ to include trauam informed interventions in restraints are warranted,.,I plan to pay more attention to the positioning of people placed in restraints/ to include trauam informed interventions in restraints are warranted,.
101,"Trauma aware strategies, 2-5 persons physical restraint",.,"Trauma aware strategies, 2-5 persons physical restraint",.
102,"Deescalating strategies, trauma informed way",.,"Deescalating strategies, trauma informed way",.
103,Confident in restraints. More self care,.,Confident in restraints. More self care,.
104,Importance of de-escalation. Importance of proper use of restraints. ,.,Importance of de-escalation. Importance of proper use of restraints. ,.
105,"Became more confident in restraint application, debrief form. ",.,"Became more confident in restraint application, debrief form. ",.
106,"Restraint situations, de-escalation situations",.,"Restraint situations, de-escalation situations",.
107,Good learning re: seclusion and refresher on mechanical and physical restraint,.,Good learning re: seclusion and refresher on mechanical and physical restraint,.
108,2 person level one physical restraint,.,2 person level one physical restraint,.
109,To enhance my profession practice,.,To enhance my profession practice,.
110,Will definitely apply proper technique; prevent injury to both patient and staff,.,Will definitely apply proper technique; prevent injury to both patient and staff,.
111,De-escalation techniques and aggressive client ,.,De-escalation techniques and aggressive client ,.
112,To use level 1 controls when needed ,.,To use level 1 controls when needed ,.
113,"Learning and understanding level 1,2,3. Different levels of physical restraints ",.,"Learning and understanding level 1,2,3. Different levels of physical restraints ",.
114,More mindful of self and trauma informed (more) ,.,More mindful of self and trauma informed (more) ,.
115,Knowledge of skills is essential and keeping in mind of that physical restraints (mechanical) is the last resort. ,.,Knowledge of skills is essential and keeping in mind of that physical restraints (mechanical) is the last resort. ,.
116,Have discussions with colleagues about what I have learned and ensure they are aware and make the use of restraints least traumatic for staff and clients ,.,Have discussions with colleagues about what I have learned and ensure they are aware and make the use of restraints least traumatic for staff and clients ,.
117,Can support team with applying restraints ,.,Can support team with applying restraints ,.
118,.,The hands on training was very good. I gained greater knowledge of applying restraints- Thank you!,.,The hands on training was very good. I gained greater knowledge of applying restraints- Thank you!
119,Trauma informed- blanket on client; able to hold client [illegible] ,.,Trauma informed- blanket on client; able to hold client [illegible] ,.
120,During a code white ,.,During a code white ,.
121,"Become more aware of my moral conflict, distress etc. ",.,"Become more aware of my moral conflict, distress etc. ",.
122,Practice hand control when at work and practice self wellness,.,Practice hand control when at work and practice self wellness,.
123,I plan to be diligent in my self-care strategies and keep practicing my restraints regularly ,.,I plan to be diligent in my self-care strategies and keep practicing my restraints regularly ,.
124,Use trauma aware strategies for sure + minimize restraints,.,Use trauma aware strategies for sure + minimize restraints,.
125,"Self care- intend to begin regimen; awareness of cognitive dissonance, very enlightening; feel more confident with skills",.,"Self care- intend to begin regimen; awareness of cognitive dissonance, very enlightening; feel more confident with skills",.
126,Debriefing client; mechanical restraint,.,Debriefing client; mechanical restraint,.
127,Attending to behavioural indicators of patients; Active listening to patient's concerns,.,Attending to behavioural indicators of patients; Active listening to patient is concerns,.
128,When clients escalate and are unwilling to follow directions,.,When clients escalate and are unwilling to follow directions,.
129,"In code white situation, aggressive patient",I will use this training,"In code white situation, aggressive patient",I will use this training
130,Using trama-informed approach in assessing patients and possible need for constraints/appropriate type/level of restraints based on safety risk factors.,.,Using trama-informed approach in assessing patients and possible need for constraints/appropriate type/level of restraints based on safety risk factors.,.
131,"I have to use the moral conflict, distress, and residue  especially self-care ",.,"I have to use the moral conflict, distress, and residue  especially self-care ",.
132,Be more considerate of client having PTSD some kind of trauma. Go back to appropriate self-care activities geared to me ,.,Be more considerate of client having PTSD some kind of trauma. Go back to appropriate self-care activities geared to me ,.
133,Continue to make every effort to de-esclate using verbal skills. Always operate from a trauma-informed practice ,.,Continue to make every effort to de-esclate using verbal skills. Always operate from a trauma-informed practice ,.
134,Trauma-informed and restraint application ,.,Trauma-informed and restraint application ,.
135,"Self care after event, debriefing, proper restraint use",.,"Self care after event, debriefing, proper restraint use",.
136,"Using the ""more trauma informed"" skill before deciding on use of seclusion room. Continue to provide debrief assessment to client even after they refuse.",.,"Using the ""more trauma informed"" skill before deciding on use of seclusion room. Continue to provide debrief assessment to client even after they refuse.",.
137,Prevent harm ,.,Prevent harm ,.
138,A patient who became violent and try to harm himself and others,.,A patient who became violent and try to harm himself and others,.
139,Better self-care ,.,Better self-care ,.
140,Self-care everyday - set goals for myself. Keep trauma in mind with clients ,.,Self-care everyday - set goals for myself. Keep trauma in mind with clients ,.
141,I would like to continue practice monthly on the unit as to not lose this skill of applying and to build confidence ,.,I would like to continue practice monthly on the unit as to not lose this skill of applying and to build confidence ,.
142,Managing self,.,Managing self,.
143,How to use 2 person restraint on a agitated client. Ensure patient and staff debrief is done ,.,How to use 2 person restraint on a agitated client. Ensure patient and staff debrief is done ,.
144,.,Thank you ,.,Thank you 
145,I intend to use the physical restraint strategies learned should the occasion arise. ,.,I intend to use the physical restraint strategies learned should the occasion arise. ,.
146,"If/when restraints needed, I feel confident applying ",.,"If/when restraints needed, I feel confident applying ",.
147,More practice with Pinel restraints ,.,More practice with Pinel restraints ,.
148,When clients need to go in restraints to prevent them from harming self or others,.,When clients need to go in restraints to prevent them from harming self or others,.
149,Take a lead in situations that my service may be needed,.,Take a lead in situations that my service may be needed,.
150,Recognizing the changes in cients status to initiate de-esclating techniques,.,Recognizing the changes in cients status to initiate de-esclating techniques,.
151,eg. Restraint; Trauma event,I will be using some of the technique if the opportunity comes ,eg. Restraint; Trauma event,I will be using some of the technique if the opportunity comes 
152,We have a client that needs to be restraint during ECT so this training gives me more confidence and knowledge how to do mechanical restraint,.,We have a client that needs to be restraint during ECT so this training gives me more confidence and knowledge how to do mechanical restraint,.
153,De-esclate client. Safely and effectively apply restraints ,.,De-esclate client. Safely and effectively apply restraints ,.
154,"To faciliate, reinforance with staff on unit I support, to be able to effectively intervene as needed in a restraint event using best practices ",.,"To faciliate, reinforance with staff on unit I support, to be able to effectively intervene as needed in a restraint event using best practices ",.
155,I will use it to provide addtional focused teaching to the teams I support ,.,I will use it to provide addtional focused teaching to the teams I support ,.
156,When a client needs to be put in mechanical restraints or locked seclusion ,.,When a client needs to be put in mechanical restraints or locked seclusion ,.
157,Understanding indicators on when to apply restraint. Trauma-informed strategies using restraints ,.,Understanding indicators on when to apply restraint. Trauma-informed strategies using restraints ,.
158,Pin at the middle during restraint event,.,Pin at the middle during restraint event,.
159,Restraints and debriefs ,.,Restraints and debriefs ,.
160,Ensure to debrief after a restraint event,Wrist controls- I have bad wrists ,Ensure to debrief after a restraint event,Wrist controls- I have bad wrists 
161,Self-care and restraints ,.,Self-care and restraints ,.
162,Self-care,.,Self-care,.
163,How to be mindful of potential assaults during transitions in the restraints and To complete a client debrief to the extent the client is comfortable with in a structured but casual manner.,.,How to be mindful of potential assaults during transitions in the restraints and To complete a client debrief to the extent the client is comfortable with in a structured but casual manner.,.
164,Participating more in codes ,.,Participating more in codes ,.
165,.,It doesn't apply,.,It does not apply
166,When dealing with aggressive clients ,.,When dealing with aggressive clients ,.
167,We already do this so no changes need to be made,See above ,We already do this so no changes need to be made,See above 
168,The floor use seclusion more than restraints ,Will use it when the need arises,The floor use seclusion more than restraints ,Will use it when the need arises
169,1) Regularly use debriefing with clients after restraint event. 2) Concentrate on trauma aware strategies during care ,.,1) Regularly use debriefing with clients after restraint event. 2) Concentrate on trauma aware strategies during care ,.
170,Physical restraint skill and mechanical restraint skill ,.,Physical restraint skill and mechanical restraint skill ,.
171,I will discuss in huddles and team rounds; remind staff to practice,.,I will discuss in huddles and team rounds; remind staff to practice,.
172,Regular practise,.,Regular practise,.
173,Training gives me good understanding when to apply restraint ,.,Training gives me good understanding when to apply restraint ,.
174,Importance of teamwork discussion,.,Importance of teamwork discussion,.
175,When client and danger to self and others ,.,When client and danger to self and others ,.
176,Many ideas on the importance of de-briefinf for the patients well being but never actually completed on unit would to advocate and ensure its done. ,.,Many ideas on the importance of de-briefinf for the patients well being but never actually completed on unit would to advocate and ensure its done. ,.
177,I would be able to safety apply mechanical and physical restraints on client.,.,I would be able to safety apply mechanical and physical restraints on client.,.
178,"Trauma informed care, de-escalation methods/approach, and least/last option/restraints ",.,"Trauma informed care, de-escalation methods/approach, and least/last option/restraints ",.
179,Trauma strategey ,.,Trauma strategey ,.
180,I will work harder to debrief with team and clients after an incident. I will incorporate trauma awareness to my decision making in regards to applying restraints as a last resort.,.,I will work harder to debrief with team and clients after an incident. I will incorporate trauma awareness to my decision making in regards to applying restraints as a last resort.,.
181,I intend to use these strategies in my work but my plan is to suggest to my manager that we practice one strategy per month on each shift,.,I intend to use these strategies in my work but my plan is to suggest to my manager that we practice one strategy per month on each shift,.
182,Conducting patient debrief; self awareness/self management,.,Conducting patient debrief; self awareness/self management,.
183,I have been using techniques taught/learned in my day work if it is necessary. ,.,I have been using techniques taught/learned in my day work if it is necessary. ,.
184,By applying my knowledge on my daily practice ,.,By applying my knowledge on my daily practice ,.
185,Attend more weekly debriefs ,.,Attend more weekly debriefs ,.
186,Client debriefinf is very usused tool. I will definitely use that for client care. ,"I intend to use everything I learned through training session to my pracice as ""illegible"" If I don't remember I will review with my co-facilitators on unit.",Client debriefinf is very usused tool. I will definitely use that for client care. ,"I intend to use everything I learned through training session to my pracice as ""illegible"" If I do not remember I will review with my co-facilitators on unit."
187,When to use chemical restraint. When to use mechanical restraint. why? ,.,When to use chemical restraint. When to use mechanical restraint. why? ,.
188,Team control,.,Team control,.
189,Level 1 physical restraint when transferring patient and hand control ,.,Level 1 physical restraint when transferring patient and hand control ,.
190,One person only take to patient when applying restraints. Practice skill,.,One person only take to patient when applying restraints. Practice skill,.
191,Ensuring weekly debrief are or becomes apart of our weekly discussions ,.,Ensuring weekly debrief are or becomes apart of our weekly discussions ,.
192,"Trauma informed care like talking clients through things, not staring, covering them",.,"Trauma informed care like talking clients through things, not staring, covering them",.
193,Model,Daily use,Model,Daily use
194,Use it on a daily working routines,.,Use it on a daily working routines,.
195,Refreshed learning of should and limb restraint ,.,Refreshed learning of should and limb restraint ,.
196,Trauma-informed care and de-escalation ,.,Trauma-informed care and de-escalation ,.
197,Once the client escalate and was not de-escalating then chemical restrains needed over mechanical restraints ,.,Once the client escalate and was not de-escalating then chemical restrains needed over mechanical restraints ,.
198,"In situation when client escalates and not to move him, mechanical restraints is the best source. ",.,"In situation when client escalates and not to move him, mechanical restraints is the best source. ",.
199,"How to apply a pinel restraint and when to apply restraints (chemical, mechanical, seclusion) ",.,"How to apply a pinel restraint and when to apply restraints (chemical, mechanical, seclusion) ",.
200,De-escalate and appropriate restraints ,.,De-escalate and appropriate restraints ,.
201,Trauma-aware practice - applying restraints and de-briefing with patient ,.,Trauma-aware practice - applying restraints and de-briefing with patient ,.
202,Restraint application and restraint removal,.,Restraint application and restraint removal,.
203,Use of restraints; being able to help my team when a patient needs to go into mechanical restraints; ongoing self-care strategies; 5min of daily deep breathing at the start of the day and daily gratitude with my co-workers end of the day,.,Use of restraints; being able to help my team when a patient needs to go into mechanical restraints; ongoing self-care strategies; 5min of daily deep breathing at the start of the day and daily gratitude with my co-workers end of the day,.
204,Utilize/practise skill in team huddle; when attempting to restrain a patient/client (when de-escalation fails) ,.,Utilize/practise skill in team huddle; when attempting to restrain a patient/client (when de-escalation fails) ,.
205,How to apply restraints on a client and how to do self-defense ,.,How to apply restraints on a client and how to do self-defense ,.
206,"How to prepare the proper restraints, self-care, and applying restraints to client ",.,"How to prepare the proper restraints, self-care, and applying restraints to client ",.
207,Speak up with coworkers in situations where see need/benefit for conveying knowledge if not being used in the event ,.,Speak up with coworkers in situations where see need/benefit for conveying knowledge if not being used in the event ,.
208,Restraint application ,.,Restraint application ,.
209,I will apply this training to help de-escalate any potential aggressive behaviour,.,I will apply this training to help de-escalate any potential aggressive behaviour,.
210,Restraints use; Trauma informed practice (with examples),.,Restraints use; Trauma informed practice (with examples),.
211,Voice my moral distress pre-interaction,.,Voice my moral distress pre-interaction,.
212,Encourage team discussion and problem solving with all steps. Use my voice to make needs known to others ,.,Encourage team discussion and problem solving with all steps. Use my voice to make needs known to others ,.
213,"Self-care strategies to prevent stress, burnout. Much more confidence and understanding of all manner of restraints ",.,"Self-care strategies to prevent stress, burnout. Much more confidence and understanding of all manner of restraints ",.
214,Offer client option for debriefing by where and when ,.,Offer client option for debriefing by where and when ,.
215,Review daily of what I learn today; Using what I trained today on my workplace and continue practicing. ,.,Review daily of what I learn today; Using what I trained today on my workplace and continue practicing. ,.
216,Informed decisions regarding restraint,.,Informed decisions regarding restraint,.
217,In corporate self care to my daily routine,.,In corporate self care to my daily routine,.
218,Team debriefing,.,Team debriefing,.
219,Pinels changed so will follow this. Good refresher,It never takes into account the reality and quickness of attacks ,Pinels changed so will follow this. Good refresher,It never takes into account the reality and quickness of attacks 
220,Safely applying/removing restraints ,.,Safely applying/removing restraints ,.
221,Being more trauma aware before resulting to mechanical restraints. Also difference between chemical restraints vs. PRN,.,Being more trauma aware before resulting to mechanical restraints. Also difference between chemical restraints vs. PRN,.
222,Won't use it ,Doesn't apply to my job ,Wo not use it ,Does not apply to my job 
223,Debriefing interventions/strategies - Reinforce the practice. ,.,Debriefing interventions/strategies - Reinforce the practice. ,.
224,On Code White situation and to de-escalate client ,I will use what I learned in the training; it is very useful ,On Code White situation and to de-escalate client ,I will use what I learned in the training; it is very useful 
225,I would practice whatever techniques in my work place in case of emergency ,. ,I would practice whatever techniques in my work place in case of emergency ,. 
226,To help challenge who are struggling by applying restraints and empower them to been confident ,.,To help challenge who are struggling by applying restraints and empower them to been confident ,.
227,2-5 person team control and no coning in applying limb restraints ,.,2-5 person team control and no coning in applying limb restraints ,.
228,Self-care and physical restraints ,.,Self-care and physical restraints ,.
229,"When patient is violent and the situation calls for it, we are more familiar ",.,"When patient is violent and the situation calls for it, we are more familiar ",.
230,When placing a client in seclusion and de-escalation strategies ,.,When placing a client in seclusion and de-escalation strategies ,.
231,No ,.,No ,.
232,"To assess risk of harm, engage the client and plan team intervention in violent emergent situations",.,"To assess risk of harm, engage the client and plan team intervention in violent emergent situations",.
233,Physical restraints ,This space would be great for the new wellness centre :) ,Physical restraints ,This space would be great for the new wellness centre :) 
234,"Team control, moral distress, etc ",.,"Team control, moral distress, etc ",.
235,Apply shoulder restraints if needed,.,Apply shoulder restraints if needed,.
236,.,I already Do!!:); Good Refresher,.,I already Do!!:); Good Refresher
237,Debriefing with a client/documentation; Weekly Team debriefing/Documentation,.,Debriefing with a client/documentation; Weekly Team debriefing/Documentation,.
238,I will very mindful that trauma can make restraints event worst for patient,.,I will very mindful that trauma can make restraints event worst for patient,.
239,1 person assigned to speak with client when going in restraints,.,1 person assigned to speak with client when going in restraints,.
240,"It's a refresher course, it helped me a lot and I am thank for this TIDES training. I can use it always for self my self dealing with unpredictable aggressive patient. Thanks a lot. God bless. ",.,"It is a refresher course, it helped me a lot and I am thank for this TIDES training. I can use it always for self my self dealing with unpredictable aggressive patient. Thanks a lot. God bless. ",.
241,More trauma informed and more knowledge about pinels,.,More trauma informed and more knowledge about pinels,.
242,[illegible] trauma informed awareness while restraint [illegible],.,[illegible] trauma informed awareness while restraint [illegible],.
243,.,I work at the security desk and am not allowed to leave the desk for any other clinical or restraint issues. I do not particiapte in any hands on with clients. ,.,I work at the security desk and am not allowed to leave the desk for any other clinical or restraint issues. I do not particiapte in any hands on with clients. 
244,Safely remove restraints without patient or staff injury.,.,Safely remove restraints without patient or staff injury.,.
245,Two person level 1 Restraint; Two person level 2 Restraint,.,Two person level 1 Restraint; Two person level 2 Restraint,.
246,Putting the client in the seclusion; putting the client in the restraint,.,Putting the client in the seclusion; putting the client in the restraint,.
247,The stretcher restraints because we do not use very often or I don't remember using it at all so it was my first training on a stretcher. Good job it was a good review and a new skill for me ,.,The stretcher restraints because we do not use very often or I do not remember using it at all so it was my first training on a stretcher. Good job it was a good review and a new skill for me ,.
248,Practice regularly ,I intend to use ,Practice regularly ,I intend to use 
249,"Great, awesome",.,"Great, awesome",.
250,"Self-care, debrief",.,"Self-care, debrief",.
251,I'd be very comfortable leading client debrief,.,I would be very comfortable leading client debrief,.
252,Importance of de-briefinf/knowing when to intiate restraints ,.,Importance of de-briefinf/knowing when to intiate restraints ,.
253,Self-care - have other coworker doing activities with and Moral residue- Try to resolve any moral residue by addressing the issues ,.,Self-care - have other coworker doing activities with and Moral residue- Try to resolve any moral residue by addressing the issues ,.
254,Illegible de-escalation ,Useful information will use it ,Illegible de-escalation ,Useful information will use it 
255,"Self-care and practice. Moral distress and residue: look for solutions, voice it, and esclate it to team member and managers.",.,"Self-care and practice. Moral distress and residue: look for solutions, voice it, and esclate it to team member and managers.",.
256,Apply it to difficult clients,.,Apply it to difficult clients,.
257,"Increase self care, attend weekly unit debriefs ",.,"Increase self care, attend weekly unit debriefs ",.
258,Better assessment level of oppression. Self protection skills ,.,Better assessment level of oppression. Self protection skills ,.
259,No,.,No,.
260,Do the stretches at work. Rehearse what client needs to do to come out of seclusion or restraints.,.,Do the stretches at work. Rehearse what client needs to do to come out of seclusion or restraints.,.
261,"Debriefing after a serious event (i.e near miss, code white) to ensure staff and client are OK.",.,"Debriefing after a serious event (i.e near miss, code white) to ensure staff and client are OK.",.
262,More communication with other team members ,.,More communication with other team members ,.
263,Work with my team to reduce moral conflict of being comfortable to speak my mind. ,.,Work with my team to reduce moral conflict of being comfortable to speak my mind. ,.
264,How to transport patients to restraint beds,.,How to transport patients to restraint beds,.
265,"Trauma informed, self-care ",.,"Trauma informed, self-care ",.
266,Speak to the T.L. and the A.P.C.L about doing weekly debriefings. Will encourage staff who are tasked a client debrief to get a support if needed ,.,Speak to the T.L. and the A.P.C.L about doing weekly debriefings. Will encourage staff who are tasked a client debrief to get a support if needed ,.
267,Proper use of restraint technique ,.,Proper use of restraint technique ,.
268,Support staff in crisis. Use when a crisis occurs. ,.,Support staff in crisis. Use when a crisis occurs. ,.
269,I will use this durig therapuetic engagement with client if clients not responding. All decisions should be made with team involvement and not individual calling decisions ,.,I will use this durig therapuetic engagement with client if clients not responding. All decisions should be made with team involvement and not individual calling decisions ,.
270,Decision making should be the whole team. Not just the charge nurse. ,.,Decision making should be the whole team. Not just the charge nurse. ,.
271,Restraint application and physical intervention ,.,Restraint application and physical intervention ,.
272,De-brief after incident. Having a self-care for myself after each incident. ,.,De-brief after incident. Having a self-care for myself after each incident. ,.
273,2-5 person physical restraints team control and moral conflict distress,Physical practice of restraints ,2-5 person physical restraints team control and moral conflict distress,Physical practice of restraints 
274,Debriefing for staff as that's not usually done,.,Debriefing for staff as that is not usually done,.
275,Self-care continually to keep emotionally and psychologically fit,.,Self-care continually to keep emotionally and psychologically fit,.
276,Consult team when discussing restraints use ,.,Consult team when discussing restraints use ,.
277,Physical restraint if patient is uncooperative and harm to other. Mechanical restrain as the last resort ,.,Physical restraint if patient is uncooperative and harm to other. Mechanical restrain as the last resort ,.
278,Team control,.,Team control,.
279,Catching escalation early. Spending more time with clients ,.,Catching escalation early. Spending more time with clients ,.
280,1. De-escalation 2. Self-care ,I will be used the skills learned in my workplace. Seclusions are used on a daily basis,1. De-escalation 2. Self-care ,I will be used the skills learned in my workplace. Seclusions are used on a daily basis
281,"Definitely needed a refresher in restraints, now I feel confident in my ability to use them ",.,"Definitely needed a refresher in restraints, now I feel confident in my ability to use them ",.
282,Practice using de-escalation techniques. Utilize team work ,.,Practice using de-escalation techniques. Utilize team work ,.
283,"First, I will apply trauma aware strategies when using restraints. Second, I will apply physical restraint when necessary",.,"First, I will apply trauma aware strategies when using restraints. Second, I will apply physical restraint when necessary",.
284,Mechanical restraint use when applicable for insistence in care of self-harm,.,Mechanical restraint use when applicable for insistence in care of self-harm,.
285,Debriefing skills,.,Debriefing skills,.
286,Physical and mechnical restraints. ,.,Physical and mechnical restraints. ,.
287,Debrief,.,Debrief,.
288,Better understanding of how I can participate in physical -mechanical restraints,.,Better understanding of how I can participate in physical -mechanical restraints,.
289,Self-care- practice more self-care techniques and practices; Turn patient's wrist upwards to maintain contral (hand control),.,Self-care- practice more self-care techniques and practices; Turn patient is wrist upwards to maintain contral (hand control),.
290,Use new technique to resrict movement while in stretcher restraint,.,Use new technique to resrict movement while in stretcher restraint,.
291,To properly debrief with patients after restraint event ,.,To properly debrief with patients after restraint event ,.
292,I never used mechanical restraints before it wasgood to review this skill,.,I never used mechanical restraints before it wasgood to review this skill,.
293,Work with other staff who already been training as team work,.,Work with other staff who already been training as team work,.
294,To ensure we work safely as a team and be mindful of effect of our actions has on clients,.,To ensure we work safely as a team and be mindful of effect of our actions has on clients,.
295,Safely manage agitated patient. Use technique to work with team,.,Safely manage agitated patient. Use technique to work with team,.
296,"Self-awareness skills, ccode white team response, debriefing",.,"Self-awareness skills, ccode white team response, debriefing",.
297,1) Trauma informed/aware strategies 2) Debriefinf methods ,.,1) Trauma informed/aware strategies 2) Debriefinf methods ,.
298,Debriefing is needed and important. Decision making is a skill to apply at work.,.,Debriefing is needed and important. Decision making is a skill to apply at work.,.
299,Provide info to co-staff whi have not attended TIDES. Review info to those who have attended ,.,Provide info to co-staff whi have not attended TIDES. Review info to those who have attended ,.
300,Improved confidence in restraint/control.,.,Improved confidence in restraint/control.,.
301,Debriefing ,.,Debriefing ,.
302,Yes,.,Yes,.
303,Team work,.,Team work,.
304,"Be more aware of escalations, de-escalate if possible to prevent restraints ",.,"Be more aware of escalations, de-escalate if possible to prevent restraints ",.
305,Communicating with the team about the importance of 4 people holding on limbs when applying mechanical restraints ,.,Communicating with the team about the importance of 4 people holding on limbs when applying mechanical restraints ,.
306,Meditate and exercise more to reduce burnout and help me make the best decisions. ,.,Meditate and exercise more to reduce burnout and help me make the best decisions. ,.
307,I plean to meet with my team and discuss strategies learnt.,.,I plean to meet with my team and discuss strategies learnt.,.
308,Encourage/support team on self-care. Support team on restraints because I fine tune my skills.,.,Encourage/support team on self-care. Support team on restraints because I fine tune my skills.,.
309,1) Involvement in team controls 2) Involvement in mechanical restraints ,.,1) Involvement in team controls 2) Involvement in mechanical restraints ,.
310,Practice more self-care and team support process and better debrief for co-workers and myself,.,Practice more self-care and team support process and better debrief for co-workers and myself,.
311,De-escalating ,.,De-escalating ,.
312,"Trauma-informed care , team communication, use of restraints ",.,"Trauma-informed care , team communication, use of restraints ",.
313,Effectively applying limb restraints and intiating trial release ,.,Effectively applying limb restraints and intiating trial release ,.
314,Will use PINEL discontinuation strategies more effectively,.,Will use PINEL discontinuation strategies more effectively,.
315,Focus more on self-care ,.,Focus more on self-care ,.
316,Always good to review. Excellent training session with knowledgable facilitators. Peer person (service user educator) offer great perspective. ,.,Always good to review. Excellent training session with knowledgable facilitators. Peer person (service user educator) offer great perspective. ,.
317,Clock manuveurs and more use of the Red Zone (awareness),.,Clock manuveurs and more use of the Red Zone (awareness),.
318,"Safety zones- away from the red zone, restraints",.,"Safety zones- away from the red zone, restraints",.
319,De-escalation and debrief ,Even though our unit has little to no restraint events it's good to know,De-escalation and debrief ,Even though our unit has little to no restraint events it is good to know
320,To continue to supply my team with becoming more competent in applying restraints ,.,To continue to supply my team with becoming more competent in applying restraints ,.
321,Physical restraints and mechanical restraints ,.,Physical restraints and mechanical restraints ,.
322,Providing safe and effective patient care,.,Providing safe and effective patient care,.
323,Will be more coordinated in applying 2 person restraints and more confident. ,.,Will be more coordinated in applying 2 person restraints and more confident. ,.
324,Improve communication/role delegation before restraint events ,.,Improve communication/role delegation before restraint events ,.
325,Learned how to safely apply restraints ,.,Learned how to safely apply restraints ,.
326,When physically restraining a patient during care. When opening the closed fist of a patient ,.,When physically restraining a patient during care. When opening the closed fist of a patient ,.
327,Practice restraints on stretcher because we don't use it enough to be totally comfortable ,.,Practice restraints on stretcher because we do not use it enough to be totally comfortable ,.
328,When patient is going - no seclusion. De-escalating patient ,.,When patient is going - no seclusion. De-escalating patient ,.
329,.,I will use,.,I will use
330,Providing self-care during hygiene and transfer,.,Providing self-care during hygiene and transfer,.
331,All techniques learned today is applicable to the unit ,.,All techniques learned today is applicable to the unit ,.
332,Be more mindful of self care and practice more hands on techniques with co-staff. ,.,Be more mindful of self care and practice more hands on techniques with co-staff. ,.
333,Being trauma aware by being aware of their history.,.,Being trauma aware by being aware of their history.,.
334,Use the physical restraints on clients who are aggressive/tend to fall (hook hold). Be more trauma aware when engaging in restraints ,.,Use the physical restraints on clients who are aggressive/tend to fall (hook hold). Be more trauma aware when engaging in restraints ,.
335,Physical skills and trauma aware practice ,.,Physical skills and trauma aware practice ,.
336,In our unit if patient is getting aggressive I can use my training skills ,.,In our unit if patient is getting aggressive I can use my training skills ,.
337,De-escalate and redirect agitated clients before restraints ,.,De-escalate and redirect agitated clients before restraints ,.
338,Keeping in mind trauma-informed care ,.,Keeping in mind trauma-informed care ,.
339,Restraints ,.,Restraints ,.
340,"De-escalate self first, self-care, trauma awareness",.,"De-escalate self first, self-care, trauma awareness",.
341,Physical practical skills ,.,Physical practical skills ,.
342,"Different types of holds, how to properly use mechanical restraints ",.,"Different types of holds, how to properly use mechanical restraints ",.
343,1) Remembering trauma-informed practice 2) Restraints-applying the correct way ,.,1) Remembering trauma-informed practice 2) Restraints-applying the correct way ,.
344,Intend to apply all skills to work. Intend to not use mechanical restraints unless really needed. ,.,Intend to apply all skills to work. Intend to not use mechanical restraints unless really needed. ,.
345,Learn mechanical restraint ,.,Learn mechanical restraint ,.
346,I will pay more attention to trauma-aware physical interventions and strategies,.,I will pay more attention to trauma-aware physical interventions and strategies,.
347,1. Protecting the client from harm when they are agitated. 2. Protecting other client and staff of possible harm from an agitated client.,.,1. Protecting the client from harm when they are agitated. 2. Protecting other client and staff of possible harm from an agitated client.,.
348,1. I'll be able to use the technique I've learned in de-escalating an aggressive client 2. I'll be able to use the training I've learned into my work by helping our co-workers effectively and safety in de-escalating clients ,.,1. I will be able to use the technique I have learned in de-escalating an aggressive client 2. I will be able to use the training I have learned into my work by helping our co-workers effectively and safety in de-escalating clients ,.
349,Team control (2-5 persons) doing restraint or code situation. Applying self-care techniques e.g. breathing to de-stress and exercise ,.,Team control (2-5 persons) doing restraint or code situation. Applying self-care techniques e.g. breathing to de-stress and exercise ,.
350,Physical skills to de-escalate without using restraints- team control,.,Physical skills to de-escalate without using restraints- team control,.
351,Its very useful in our workplace because of the clients and patients were are dealing with. Dementia and BSD we are in a violent physical environment,.,Its very useful in our workplace because of the clients and patients were are dealing with. Dementia and BSD we are in a violent physical environment,.
352,The emergency use of mechanical restraints application and trauma aware strategies ,.,The emergency use of mechanical restraints application and trauma aware strategies ,.
353,De-escalation and physical restraints ,.,De-escalation and physical restraints ,.
354,How to correctly appropriately apply restraints ,.,How to correctly appropriately apply restraints ,.
355,This is very helpful when we are dealing with very aggressive clients; how to do patient debriefing more effectively. ,.,This is very helpful when we are dealing with very aggressive clients; how to do patient debriefing more effectively. ,.
356,Work as a team in applying restraints and use self-protection skills ,.,Work as a team in applying restraints and use self-protection skills ,.
357,Trauma aware strategies ,.,Trauma aware strategies ,.
358,.,I don't have patient contact as part of my role. I could [illegible] use the trauma informed considerations [illegible] the emergency [illegible] of restraints during a teachable moment etc. ,.,I do not have patient contact as part of my role. I could [illegible] use the trauma informed considerations [illegible] the emergency [illegible] of restraints during a teachable moment etc. 
359,Triangle technique/triangulation vs crowding. Using close-hip proximity with physical restraint while protecting my head. ,.,Triangle technique/triangulation vs crowding. Using close-hip proximity with physical restraint while protecting my head. ,.
360,Will use in regards to managing aggressive situation and will feel more confident if support is needed for mechanicals ,.,Will use in regards to managing aggressive situation and will feel more confident if support is needed for mechanicals ,.
361,More confident with restraints and the proper holds ,.,More confident with restraints and the proper holds ,.
362,.,"Not a Forensic unit or a unit with intense (aggressive clients). Clients all voluntary, can leave when they want",.,"Not a Forensic unit or a unit with intense (aggressive clients). Clients all voluntary, can leave when they want"
363,Demonstrating to other staff. Continue to check restraints that all are there (Check-lists). ,.,Demonstrating to other staff. Continue to check restraints that all are there (Check-lists). ,.
364,Practice often to utilize and not lose skills. Everyday use of de-escalation. Educate others. ,.,Practice often to utilize and not lose skills. Everyday use of de-escalation. Educate others. ,.
365,Implement regular weekly debriefs,.,Implement regular weekly debriefs,.
366,Incorporate the importance of debrief. Self-awareness and self-management,.,Incorporate the importance of debrief. Self-awareness and self-management,.
367,Application of restraints to bed ,.,Application of restraints to bed ,.
368,1. A better understanding of 5-6 people needed for using and applying physical restraints and what role each person will have. 2) The importance of debriefing with client as well as staff. ,.,1. A better understanding of 5-6 people needed for using and applying physical restraints and what role each person will have. 2) The importance of debriefing with client as well as staff. ,.
369,Build more self-care strategies. Practical physical restraints with colleagues ,.,Build more self-care strategies. Practical physical restraints with colleagues ,.
370,I learned how to apply mechanical restraints. I learned the importance of having someone lead a 5 person hold. .,.,I learned how to apply mechanical restraints. I learned the importance of having someone lead a 5 person hold. .,.
371,Will try to do more frequent/thorough debriefs with clients and co-workers. Will try to practice more of applying restraints to the stretcher.,.,Will try to do more frequent/thorough debriefs with clients and co-workers. Will try to practice more of applying restraints to the stretcher.,.
372,"Self-care, debriefinf, and appropriate use and application of restraints ",.,"Self-care, debriefinf, and appropriate use and application of restraints ",.
373,I will better understand criteria for making decision on initiating and applying restraints ,.,I will better understand criteria for making decision on initiating and applying restraints ,.
374,I understand how comforting putting a blanket over a restrained person could be. Importnace of looking down and not chit chatting during restraint.,.,I understand how comforting putting a blanket over a restrained person could be. Importnace of looking down and not chit chatting during restraint.,.
375,increased opportunity for mocks/practice. Increased listening to and empowerment of team members re: desicison making ,.,increased opportunity for mocks/practice. Increased listening to and empowerment of team members re: desicison making ,.
376,The topics are useful to my work. ,.,The topics are useful to my work. ,.
377,Increase self-care. Encourage more team members in debriefing,.,Increase self-care. Encourage more team members in debriefing,.
378,1. Restraint use 2. De-escalation ,.,1. Restraint use 2. De-escalation ,.
379,"1) Appropriately use team control/level 1-3 controls- forgot these prior to today, was not confident 2) Appropriate use of extenders/shoulders",.,"1) Appropriately use team control/level 1-3 controls- forgot these prior to today, was not confident 2) Appropriate use of extenders/shoulders",.
380,Proper use of limb restraints ,.,Proper use of limb restraints ,.
381,Patient debriefing and properly placing restraints ,.,Patient debriefing and properly placing restraints ,.
382,Participate more in code white and mindfulness,.,Participate more in code white and mindfulness,.
383,New adjustment when applying the limb restraints with less pin/locks. Application on extenders,.,New adjustment when applying the limb restraints with less pin/locks. Application on extenders,.
384,Team approaches,.,Team approaches,.
385,Proper use of mechanical restraints,.,Proper use of mechanical restraints,.
386,Look into great white code for clients. Better practice when it comes to restraints events. ,.,Look into great white code for clients. Better practice when it comes to restraints events. ,.
387,Continuing to use trauma-informed care ,.,Continuing to use trauma-informed care ,.
388,"If need be, more confident ",Will use it ,"If need be, more confident ",Will use it 
389,Applying restraints and how to hold aggressive client ,.,Applying restraints and how to hold aggressive client ,.
390,Used in de-escalation techniques ,.,Used in de-escalation techniques ,.
391,Use what I learn to plan how to apply the different levels of restraints when a situation requires it ,.,Use what I learn to plan how to apply the different levels of restraints when a situation requires it ,.
392,"Restraint use- putting on and taking off, self care--> wellness Centre ",.,"Restraint use- putting on and taking off, self care--> wellness Centre ",.
393,I intend to use my awareness of different trauma informed strategies than using restraints. Also I will use the great self-care ideas ,.,I intend to use my awareness of different trauma informed strategies than using restraints. Also I will use the great self-care ideas ,.
394,I will use it in practice ,.,I will use it in practice ,.
395,"Restraint techniques, self-defense techniques w/o use of force ",.,"Restraint techniques, self-defense techniques w/o use of force ",.
396,More aware of trauma informed care. Being in the restraints allowed me to feel what it may be like for patients ,.,More aware of trauma informed care. Being in the restraints allowed me to feel what it may be like for patients ,.
397,If I ever need to restrain someone I will know what to think about and hopefully know what to do ,.,If I ever need to restrain someone I will know what to think about and hopefully know what to do ,.
398,De-escalating client bfore restraints even need to be used. Practicing trauma aware consideration and debriefs when restraints implemented ,.,De-escalating client bfore restraints even need to be used. Practicing trauma aware consideration and debriefs when restraints implemented ,.
399,Trauma informed care for restraints and thinking how being put in restraints can be traumatic. Now have hands on practice with restraints ,.,Trauma informed care for restraints and thinking how being put in restraints can be traumatic. Now have hands on practice with restraints ,.
400,Being more trauma-aware during a restraint process- putting legs close to each other ,.,Being more trauma-aware during a restraint process- putting legs close to each other ,.
401,Training so useful ,I will apply in my practice. Great instructors ,Training so useful ,I will apply in my practice. Great instructors 
402,Using more trauma informed strategies and how to debrief clients and understand the power imbalance ,.,Using more trauma informed strategies and how to debrief clients and understand the power imbalance ,.
403,Mechanical restraint practice as I was not comfortable with the mech restraints before today ,.,Mechanical restraint practice as I was not comfortable with the mech restraints before today ,.
404,"Restraints application, hand controls while restraining on stretcher bed ",.,"Restraints application, hand controls while restraining on stretcher bed ",.
405,Well I will use these hand techniques when in situations at work,.,Well I will use these hand techniques when in situations at work,.
406,More self-care,.,More self-care,.
407,"More ideas for self care. More knowledge of moral conflict, distress, and residue theory to inform how I deal with conflicts. ",.,"More ideas for self care. More knowledge of moral conflict, distress, and residue theory to inform how I deal with conflicts. ",.
408,"Plan to use self-care strategies white at work, along with team debriefing ",.,"Plan to use self-care strategies white at work, along with team debriefing ",.
409,Self care and trauma informed care ,.,Self care and trauma informed care ,.
410,Self care check in with self and team decision -restraints?,.,Self care check in with self and team decision -restraints?,.
411,.,Knowing this info is important but physically I don't feel confident in using restraint ,.,Knowing this info is important but physically I do not feel confident in using restraint 
412,.,I work on a unit that doesn't have the capacity to apply mechanical restraints,.,I work on a unit that does not have the capacity to apply mechanical restraints
413,Self-care and debriefing ,.,Self-care and debriefing ,.
414,Will not forget about self-care ,.,Will not forget about self-care ,.
415,Trauma-informed de-esclation prior to use of restraints ,.,Trauma-informed de-esclation prior to use of restraints ,.
416,Debriefing and self-care ,.,Debriefing and self-care ,.
417,.,Do not use restraints on unit ,.,Do not use restraints on unit 
418,"Awareness and discussion of moral conflict, distress, and residue was helpful to take back to my daily work. ",CAIT doesn't typically use restraints ,"Awareness and discussion of moral conflict, distress, and residue was helpful to take back to my daily work. ",CAIT does not typically use restraints 
419,I will apply the skills I learned regularly physical restrraint to help during code whites. ,.,I will apply the skills I learned regularly physical restrraint to help during code whites. ,.
420,Self-care,.,Self-care,.
421,Make sure client were debriefed,.,Make sure client were debriefed,.
422,"For client and staff safety, less trauma inflicted to client",.,"For client and staff safety, less trauma inflicted to client",.
423,In a code white situation I can apply de-escalation techniques and de-escalate before it gets to a code.,.,In a code white situation I can apply de-escalation techniques and de-escalate before it gets to a code.,.
424,.,My unit does not use restraints.,.,My unit does not use restraints.
425,.,N/A in our unit. ,.,N/A in our unit. 
426,When client needs to be controlled. When they are aggressive after an non-restraining methods no good.,.,When client needs to be controlled. When they are aggressive after an non-restraining methods no good.,.
427,"1) I am going to try the ""calm"" , ""headspace"" App and then offer it to client. I really wanted some self-care tips so this was nice. 2) I feel better about the refresher around restraints and when to use them (and how)",.,"1) I am going to try the ""calm"" , ""headspace"" App and then offer it to client. I really wanted some self-care tips so this was nice. 2) I feel better about the refresher around restraints and when to use them (and how)",.
428,I will use all the info as I have never used restraints in a clinical situation,.,I will use all the info as I have never used restraints in a clinical situation,.
429,"Though we don't often have to use physical or mechanical restraints, the de-escalation techniques are very valuable. As well, the self-care tips and planning are valuable. ",.,"Though we do not often have to use physical or mechanical restraints, the de-escalation techniques are very valuable. As well, the self-care tips and planning are valuable. ",.
430,De-escalation techniques and explore when seclusion and mechanical restraint are used ,.,De-escalation techniques and explore when seclusion and mechanical restraint are used ,.
431,De-escalation and physical ,.,De-escalation and physical ,.
432,Continue to make use of knowledge and experience but more confident ,.,Continue to make use of knowledge and experience but more confident ,.
433,To client de-escalation ,.,To client de-escalation ,.
434,"Will use definitely, thanks",.,"Will use definitely, thanks",.
435,Initiating discussions regarding trauma-informed de-escalation; ensuring that I'm around if any of my clients are involved in a code,.,Initiating discussions regarding trauma-informed de-escalation; ensuring that I am around if any of my clients are involved in a code,.
436,"Being more trauma informed, continue to assess my ability/team's ability to be trauma informed; make multiple attempts to do client debrief",.,"Being more trauma informed, continue to assess my ability/team is ability to be trauma informed; make multiple attempts to do client debrief",.
437,.,I will apply the training effectively. ,.,I will apply the training effectively. 
438,Enhance my practice by understanding gap in my training. Practicing restraints so I am ready in situation. ,.,Enhance my practice by understanding gap in my training. Practicing restraints so I am ready in situation. ,.
439,Continue to utilize with team and be trauma- aware. Help security in restraining clients ,.,Continue to utilize with team and be trauma- aware. Help security in restraining clients ,.
440,When we have an aggressive patient ,.,When we have an aggressive patient ,.
441,Applying restraints and trauma informed ,.,Applying restraints and trauma informed ,.
442,Team debrief (weekly). Trauma aware strategies. Practice more self care and avoid burn out.,.,Team debrief (weekly). Trauma aware strategies. Practice more self care and avoid burn out.,.
443,practice control words; practice mechanical restraints,.,practice control words; practice mechanical restraints,.
444,Know how to help in code white. Help restrain client.,.,Know how to help in code white. Help restrain client.,.
445,Physical restraints and different control postures ,.,Physical restraints and different control postures ,.
446,More debriefs ,.,More debriefs ,.
447,Trauma aware strategies and conflict resolution,.,Trauma aware strategies and conflict resolution,.
448,De-escalating and applying limbs restraint,.,De-escalating and applying limbs restraint,.
449,Breating techniques for self-care. Level 1-3 physical restraint. ,.,Breating techniques for self-care. Level 1-3 physical restraint. ,.
450,NO,Mitigating factors or circumstances ,NO,Mitigating factors or circumstances 
451,I am familiear with the signs of agitation behavior. I can recognize the early agitation behavior and use safe method to approach,.,I am familiear with the signs of agitation behavior. I can recognize the early agitation behavior and use safe method to approach,.
452,We use these techniques- just to continue doing it. Always something to learn.,.,We use these techniques- just to continue doing it. Always something to learn.,.
453,Applying restraints,.,Applying restraints,.
454,Apply to every day activities and inform others ,.,Apply to every day activities and inform others ,.
455,"More trauma informed approach and restrain application, more utilization of (illegible) ",.,"More trauma informed approach and restrain application, more utilization of (illegible) ",.
456,.,Most of it doesn't work,.,Most of it does not work
457,Self-care and wrist controls ,.,Self-care and wrist controls ,.
458,.,Physical restraint ineffective ,.,Physical restraint ineffective 
459,Effective communication using restraints as a last resort ,.,Effective communication using restraints as a last resort ,.
460,"Utilizing the short and long term self care plans, being mindful and aware of moral conflict, distress, and preventing residue by being mindlful. Recognizing and addressing ",.,"Utilizing the short and long term self care plans, being mindful and aware of moral conflict, distress, and preventing residue by being mindlful. Recognizing and addressing ",.
461,Take time for self care ,.,Take time for self care ,.
462,Trauma informed and trauma aware strategies. Restraint application and debriefing ,.,Trauma informed and trauma aware strategies. Restraint application and debriefing ,.
463,I intend to use this training when a client becomes indirectable when a client becomes a threat to himself or others ,.,I intend to use this training when a client becomes indirectable when a client becomes a threat to himself or others ,.
464,Restraint,.,Restraint,.
465,Self-care to mitigate stress. Debriefing to help understand patient. ,.,Self-care to mitigate stress. Debriefing to help understand patient. ,.
466,illegible handwriting ,Proper use of restraints ,illegible handwriting ,Proper use of restraints 
467,When client is imminent risk to himself or others,.,When client is imminent risk to himself or others,.
468,Most likely to try de-escalation techniques vs phyical restraints/mechanical/chemical restraints due to my role. I am more informed about being trauma aware. ,.,Most likely to try de-escalation techniques vs phyical restraints/mechanical/chemical restraints due to my role. I am more informed about being trauma aware. ,.
469,Practicing bring an anchor ,.,Practicing bring an anchor ,.
470,"Key points of applying restraints safely and securely (positioning of staff, where to secure client and staff holds etc.)",.,"Key points of applying restraints safely and securely (positioning of staff, where to secure client and staff holds etc.)",.
471,Indirectly by being more informed to support staff as needed ,.,Indirectly by being more informed to support staff as needed ,.
472,When the client is going to be restrained ,.,When the client is going to be restrained ,.
473,Have discussion in the team,.,Have discussion in the team,.
474,I finally know how to set up restraints. I got hands on experience.,.,I finally know how to set up restraints. I got hands on experience.,.
475,"When conducting client interventions, I am now more aware of deescalation and trauma aware strategies. Also ways to protect myself. ",.,"When conducting client interventions, I am now more aware of deescalation and trauma aware strategies. Also ways to protect myself. ",.
476,"Its a team work, helped whenever the client and co-worker needs help. To protect ourselves and the client for the safety reason.",We have to use the techniques for the safety reason.,"Its a team work, helped whenever the client and co-worker needs help. To protect ourselves and the client for the safety reason.",We have to use the techniques for the safety reason.
477,"Get information, how to protect yourself from patietn when they become aggressive/physical ",.,"Get information, how to protect yourself from patietn when they become aggressive/physical ",.
478,I will use all what I learned if need arises. ,.,I will use all what I learned if need arises. ,.
479,More time for learn to practice. Mini meeting before application to decide how it will happen. ,.,More time for learn to practice. Mini meeting before application to decide how it will happen. ,.
480,"More confident about what is required in terms of staff training and equipment needs, also reaffirmed imperative to enhance staff de-escalation skills to avoid restraint. ",I work in (manage) 2 units that are not secure (locked but a client can kick door open) and our client are voluntary. They leave if they are not happy. Our staff are skilled in de-escalation and can always enhance skills. We have used mechanical restraints only in in 6 years. But this knowledge is still good to have. ,"More confident about what is required in terms of staff training and equipment needs, also reaffirmed imperative to enhance staff de-escalation skills to avoid restraint. ",I work in (manage) 2 units that are not secure (locked but a client can kick door open) and our client are voluntary. They leave if they are not happy. Our staff are skilled in de-escalation and can always enhance skills. We have used mechanical restraints only in in 6 years. But this knowledge is still good to have. 
481,Utilizing debrief (patient/team),.,Utilizing debrief (patient/team),.
482,Team decision- when to call staff and self-care ,.,Team decision- when to call staff and self-care ,.
483,Be more involved in restraint to comfort. Do de-escalation in a more informed way.,.,Be more involved in restraint to comfort. Do de-escalation in a more informed way.,.
484,The multi-person physical restraints was helpful to review. On unit practice at regulat intervals would be more helpful to help build muscle memory and natural movement. ,.,The multi-person physical restraints was helpful to review. On unit practice at regulat intervals would be more helpful to help build muscle memory and natural movement. ,.
485,Will use physical restraint/mechanical restraint confidently ,.,Will use physical restraint/mechanical restraint confidently ,.
486,Practice restraint application and using trauma informed care when deciding at injection site ,.,Practice restraint application and using trauma informed care when deciding at injection site ,.
487,Very well. Application of knowledge ,.,Very well. Application of knowledge ,.
488,"In terms of skills, hand control and the use of restraints ",.,"In terms of skills, hand control and the use of restraints ",.
489,Great practice of physical skills ,.,Great practice of physical skills ,.
490,"will be helpful to incorporate more check-ins, self-care strategies (individually & with co-workers); will seek opportunities to have more practice with use/removal of Pinel restraints ",.,"will be helpful to incorporate more check-ins, self-care strategies (individually & with co-workers); will seek opportunities to have more practice with use/removal of Pinel restraints ",.
491,This training was really useful to increase my confidence in applying restraints and removing,.,This training was really useful to increase my confidence in applying restraints and removing,.
492,My ability to initiate and utilize restraint and mild aggressive to escalated aggressive behavioural patient using the level 2-physical restraints,.,My ability to initiate and utilize restraint and mild aggressive to escalated aggressive behavioural patient using the level 2-physical restraints,.
493,.,"Will challenge when to use chemical restraint based on context of patient. In my option, I believe for nurses to align by their professional mandate of health promotion and prevention giving PRN's prophylatically is then required. To redude the liklihood of violenct codes to then give PRN's at an appropriately time- proactively verse reactively. Perhaps staff shouldn't train staff indicating a generalized approach to least use of restraint (chemically) and re-approach training to the context of [illegible] we work within. For example, for those who are experiencing psychosis, chemical use of restraint can reduce the liklihood of code whites as well as prevent trauma/suffering a person may incur after being restrained or secluded. ",.,"Will challenge when to use chemical restraint based on context of patient. In my option, I believe for nurses to align by their professional mandate of health promotion and prevention giving PRN is prophylatically is then required. To redude the liklihood of violenct codes to then give PRN is at an appropriately time- proactively verse reactively. Perhaps staff should not train staff indicating a generalized approach to least use of restraint (chemically) and re-approach training to the context of [illegible] we work within. For example, for those who are experiencing psychosis, chemical use of restraint can reduce the liklihood of code whites as well as prevent trauma/suffering a person may incur after being restrained or secluded. "
494,1. To work as a team- Team Control 2. To engage in debriefing,.,1. To work as a team- Team Control 2. To engage in debriefing,.
495,"Staff, patient, and client safety ",.,"Staff, patient, and client safety ",.
496,I would use the head movers better so there will be less injury to patient and staff,.,I would use the head movers better so there will be less injury to patient and staff,.
497,Connect with manager/TL regarding weekly debrief ,.,Connect with manager/TL regarding weekly debrief ,.
498,When a patient is having HI or SH,.,When a patient is having HI or SH,.
499,Self care and practice ,.,Self care and practice ,.
500,I intend to use what I have learned and apply it in a code white situation. I intend to be trauma-aware when communicating with my clients and etc. Understand clients behaviours and debriefing with clients after code/restraint. ,.,I intend to use what I have learned and apply it in a code white situation. I intend to be trauma-aware when communicating with my clients and etc. Understand clients behaviours and debriefing with clients after code/restraint. ,.
501,Good effective communication during Code White and work in collaboration during Code,.,Good effective communication during Code White and work in collaboration during Code,.
502,Ongoing providing client centred care after crisis happened; ongoing communication with client to promote comfort as well as assurance while client on restraints,.,Ongoing providing client centred care after crisis happened; ongoing communication with client to promote comfort as well as assurance while client on restraints,.
503,.,I am not supposed to have direct patient contact in my role we had a separate training for PE's in past modules perhaps that would be helpful for this module too,.,I am not supposed to have direct patient contact in my role we had a separate training for PE is in past modules perhaps that would be helpful for this module too
504,Continue to propose smaller and more familiar code response team ,.,Continue to propose smaller and more familiar code response team ,.
